i,x,y,ylinear,yquadratic,ycubic,ypower,yexponential,ylogarithmic,yhyperbolic,yeexponential
,0.6,,0.0027629280000000004,0.0033121028571427517,0.0017885340571428838,0.002529411079838544,0.0038642310909799867,-0.0002911218066566695,-0.004989174709609277,0.0038642310909799854
1,1,0.0038674,0.0038478000000000015,0.004139914285714197,0.003817124285714124,0.003838675775630514,0.004397220353852664,0.003035916017569977,0.0028683099788806843,0.004397220353852664
2,2,0.0068584,0.0065599800000000034,0.0064139228571428175,0.007059502857142075,0.006760875981920322,0.00607387818078439,0.007550425040193776,0.008761423495248154,0.006073878180784388
3,3,0.0092817,0.009272160000000005,0.008980045714285734,0.008980045714284346,0.00941454532939001,0.008389844762427117,0.010191243527596015,0.010725794667370645,0.008389844762427113
4,4,0.0109916,0.011984340000000007,0.011838282857142945,0.011192702857141246,0.011907607392395407,0.011588888193430236,0.012064934062817573,0.01170798025343189,0.01158888819343024
5,5,0.0153617,0.014696520000000008,0.014988634285714453,0.015311424285713082,0.01428766853382,0.01600772521576121,0.013518281351822661,0.012297291605068636,0.016007725215761215
,5.4,,0.015781392000000012,0.01633056685714306,0.017854135657142063,0.015214414858346518,0.018215653639848603,0.01401953321339541,0.012471902375923969,0.018215653639848606