i,x,y,ylinear,yquadratic,ycubic,ypower,yexponential,ylogarithmic,yhyperbolic,yeexponential
,0.6,,0.014559896,0.016812914857143587,0.01287228125714008,0.014426903523372623,0.02369459506421745,-0.00972758148831062,-0.04680817216209068,0.02369459506421745
1,1,0.0235428,0.02310974,0.024308154285715144,0.023473274285710666,0.023394591836897516,0.02749878099900871,0.016568755649745907,0.01526738274815212,0.027498780999008716
2,2,0.0452768,0.044484350000000006,0.043885142857144066,0.04555490285713759,0.045080578832008736,0.03990008494771919,0.052250661760719616,0.06182404893083422,0.03990008494771919
3,3,0.0650777,0.06585896000000001,0.06466054571428731,0.06466054571427815,0.0661652713197486,0.057894085519376186,0.0731232387898923,0.07734293765839492,0.057894085519376214
4,4,0.0846865,0.08723357000000001,0.08663436285714488,0.0849646028571307,0.08686873453477884,0.08400295745025574,0.08793256787169332,0.08510238202217527,0.08400295745025578
5,5,0.110711,0.10860818000000001,0.10980659428571676,0.1106414742856936,0.10729326038642839,0.12188631700603997,0.09941957592794884,0.08975804864044348,0.12188631700604002
,5.4,,0.11715802400000003,0.11941104285714554,0.12335167645711728,0.11539908837125486,0.14145526138095832,0.1033813847919822,0.09113750541622666,0.1414552613809584